REP,SEEDS,VARIETY,SEEDKGHA,GID,DFF,MATURE
REP1,600.0,IT87D-829-5,1002.0,235.0,47.6,61.8
REP1,300.0,IT87S-1332,501.0,34822.0,56.2,80.6
REP1,450.0,IT86D-721,751.5,208.0,50.8,70.0
REP1,200.0,IT87D-1184-2,334.0,892.0,52.0,74.8
REP1,150.0,IT86D-1132,250.5,859.0,52.8,71.2
REP1,400.0,IT87D-885,668.0,237.0,46.0,58.2
REP1,500.0,IT87D-785-4,835.0,994.0,58.4,82.2
REP1,120.0,IT87D-853-3,200.4,34780.0,66.8,69.0
REP1,0.0,LOCALWHITE,0.0,36271.0,65.2,91.2
REP1,360.0,IT87S-1462,601.2,34836.0,61.8,80.6
REP1,700.0,IT87D-784-2,1169.0,992.0,58.4,84.4
REP1,200.0,IT87S-134-9,334.0,34825.0,57.2,81.8
REP1,500.0,IT87S-1349,835.0,34823.0,52.0,69.8
REP1,350.0,IT87S-1349,584.5,34823.0,58.6,80.6
REP1,400.0,IT87S-1349,668.0,34823.0,58.0,75.2
REP1,300.0,IT86D-725,501.0,875.0,64.4,91.4
REP1,150.0,IT87D-1812,250.5,920.0,51.6,79.0
REP1,510.0,IT87S-1399,851.7,34831.0,52.0,69.8
REP1,360.0,IT87D-778-1,601.2,988.0,64.4,91.4
REP1,100.0,IT86D-719,167.0,207.0,54.4,26.8
REP2,300.0,IT87D-829-5,501.0,235.0,54.8,59.6
REP2,200.0,IT87S-134-9,334.0,34825.0,57.2,81.8
REP2,60.0,IT87S-1332,100.2,34822.0,37.6,50.6
REP2,400.0,IT87S-1399,668.0,34831.0,58.0,75.2
REP2,350.0,IT87S-1349,584.5,34823.0,58.6,80.6
REP2,150.0,IT86D-719,250.5,207.0,57.8,53.2
REP2,0.0,LOCALWHITE,0.0,36271.0,65.2,91.2
REP2,300.0,IT87D-1812,501.0,920.0,64.4,91.4
REP2,150.0,IT86D-1132,250.5,859.0,52.8,71.2
REP2,250.0,IT87D-853-3,417.5,34780.0,57.2,81.8
REP2,350.0,IT87D-778-1,584.5,988.0,64.4,90.2
REP2,350.0,IT86D-725,584.5,875.0,64.4,91.4
REP2,100.0,IT87S-1349,167.0,34823.0,66.8,69.0
REP2,550.0,IT86D-721,918.5,208.0,49.8,62.8
REP2,300.0,IT87S-1349,501.0,34823.0,56.2,80.6
REP2,300.0,IT87D-784-2,501.0,992.0,64.4,90.2
REP2,450.0,IT87D-785-4,751.5,994.0,65.8,89.6
REP2,550.0,IT87D-885,918.5,237.0,50.8,65.4
REP2,200.0,IT87S-1462,334.0,34836.0,57.2,81.8
REP1,527.0,JANWAKE,439.1491089,36249.0,47.0,58.0
REP1,616.0,IT88D-867-11,513.3128052,35617.0,47.0,58.0
REP1,514.0,IT89KD-288,428.3161926,35878.0,60.0,68.0
REP1,334.0,IT91K-189,278.3222046,36041.0,54.0,61.0
REP1,477.0,IT89KD-245,397.4841003,35866.0,47.0,56.0
REP1,395.0,IT89KD-355,329.1535034,35890.0,46.0,55.0
REP1,382.0,IT90K-109,318.3205872,35929.0,48.0,57.0
REP1,163.0,IT89KD-374,135.8278961,35892.0,46.0,54.0
REP1,308.0,IT91K-188,256.6564026,36040.0,49.0,50.0
REP1,75.0,LOCALCHECK,62.49750137,36268.0,76.0,87.0
REP1,550.0,IT89KD-391,458.3150024,35902.0,56.0,64.0
REP1,374.0,IT88DM-400,311.6542053,34872.0,56.0,64.0
REP1,304.0,DANILA,253.3231964,570.0,55.0,63.0
REP1,471.0,IT89KD-107-5,392.484314,35859.0,51.0,60.0
REP1,488.0,IT89KD-374-57,406.6503906,271.0,47.0,56.0
REP1,468.0,IT89KD-381,389.9844055,35900.0,46.0,54.0
REP1,526.0,IT91K-186,438.3157959,36039.0,48.0,55.0
REP1,752.0,IT89KD-260,626.6416016,265.0,60.0,67.0
REP1,611.0,IT90K-319,509.1463013,35967.0,51.0,59.0
REP1,610.0,TVX-3236,508.3129883,498.0,47.0,65.0
REP2,559.0,IT90K-319,465.8146973,35967.0,47.0,56.0
REP2,346.0,IT91K-189,288.3218079,36041.0,51.0,58.0
REP2,340.0,IT91K-186,283.321991,36039.0,49.0,57.0
REP2,340.0,IT89KD-381,283.321991,35900.0,49.0,57.0
REP2,444.0,IT89KD-374,369.985199,35892.0,47.0,54.0
REP2,206.0,IT88DM-400,171.6598053,34872.0,52.0,60.0
REP2,786.0,IT91K-188,654.9738159,36040.0,57.0,64.0
REP2,83.0,LOCALCHECK,69.16390228,36268.0,76.0,84.0
REP2,338.0,IT88D-867-11,281.6553955,35617.0,50.0,58.0
REP2,653.0,DANILA,544.1448975,570.0,51.0,59.0
REP2,536.0,JANWAKE,446.6488037,36249.0,50.0,58.0
REP2,227.0,IT89KD-391,189.1591034,35902.0,52.0,60.0
REP2,552.0,IT89KD-288,459.9815979,35878.0,65.0,72.0
REP2,640.0,IT89KD-260,533.3120117,265.0,65.0,72.0
REP2,680.0,IT89KD-245,566.6439819,35866.0,50.0,57.0
REP2,667.0,IT89KD-355,555.8110962,35890.0,58.0,55.0
REP2,587.0,IT89KD-374-57,489.1470947,271.0,47.0,56.0
REP2,425.0,TVX-3236,354.1524963,498.0,51.0,59.0
REP2,449.0,IT90K-109,374.1517029,35929.0,47.0,56.0
REP2,577.0,IT89KD-107-5,480.8140869,35859.0,50.0,58.0
REP3,586.0,IT88D-867-11,488.3138123,35617.0,47.0,56.0
REP3,579.0,IT91K-188,482.4807129,36040.0,51.0,58.0
REP3,663.0,IT90K-319,552.4779053,35967.0,47.0,56.0
REP3,520.0,TVX-3236,433.3160095,498.0,49.0,57.0
REP3,464.0,IT90K-109,386.6512146,35929.0,47.0,54.0
REP3,587.0,IT88DM-400,489.1470947,34872.0,47.0,54.0
REP3,196.0,LOCALCHECK,163.3267975,36268.0,76.0,64.0
REP3,753.0,IT91K-189,627.4749146,36041.0,62.0,70.0
REP3,727.0,JANWAKE,605.809082,36249.0,47.0,58.0
REP3,597.0,IT89KD-107-5,497.4801025,35859.0,52.0,61.0
REP3,469.0,IT89KD-374,390.817688,35892.0,47.0,56.0
REP3,699.0,DANILA,582.4766846,570.0,51.0,59.0
REP3,521.0,IT91K-186,434.149292,36039.0,47.0,56.0
REP3,377.0,IT89KD-374-57,314.1541138,271.0,50.0,57.0
REP3,409.0,IT89KD-381,340.8197021,35900.0,49.0,56.0
REP3,553.0,IT89KD-245,460.8149109,35866.0,61.0,58.0
REP3,374.0,IT89KD-288,311.6542053,35878.0,59.0,67.0
REP3,423.0,IT89KD-391,352.4859009,35902.0,51.0,58.0
REP3,303.0,IT89KD-355,252.4898987,35890.0,47.0,56.0
REP3,470.0,IT89KD-260,391.651001,265.0,52.0,60.0
REP1,100.0,IT87D-1552,167.0,906.0,47.6,63.6
REP1,400.0,IT87S-1304,668.0,34820.0,58.0,75.2
REP1,490.0,IT87D-704-1,818.3,976.0,58.4,82.2
REP1,350.0,IT87D-590-5,584.5,228.0,53.8,61.6
REP1,0.0,LOCALBROWN,0.0,36267.0,65.2,91.2
REP1,250.0,IAR-48,417.5,13.0,55.8,62.0
REP1,100.0,IT87D-1083,167.0,888.0,47.6,63.6
REP1,150.0,IT87D-1655,250.5,911.0,52.4,70.4
REP1,300.0,IT87D-1944,501.0,940.0,64.4,91.4
REP1,300.0,IT87D-627,501.0,971.0,64.4,90.2
REP1,160.0,IT87D-1134,267.2,890.0,52.4,71.2
REP1,310.0,IT87D-1357,517.7,899.0,64.4,91.4
REP1,200.0,IT87S-1459,334.0,34835.0,57.2,81.8
REP1,150.0,IT87D-705-4,250.5,977.0,67.0,79.4
REP1,100.0,IT87D-1830,167.0,923.0,47.6,63.6
REP1,100.0,IT87D-1891,167.0,933.0,47.6,64.2
REP1,200.0,IT87D-697-2,334.0,232.0,50.6,56.6
REP1,90.0,IT85F-2264,150.3,160.0,54.8,40.4
REP2,400.0,IT87D-1891,668.0,933.0,65.6,89.6
REP2,200.0,IT87D-590-5,334.0,228.0,51.0,54.2
REP2,260.0,IT87D-627,434.2,971.0,65.8,90.2
REP2,200.0,IT87D-941-1,334.0,239.0,50.6,56.6
REP2,0.0,LOCALBROWN,0.0,36267.0,65.2,91.2
REP2,130.0,IT87D-1552,217.1,906.0,48.8,63.6
REP2,130.0,IT87D-1134,217.1,890.0,48.8,63.6
REP2,350.0,IT87D-1357,584.5,899.0,64.4,91.4
REP2,250.0,IT85F-2264,417.5,160.0,55.6,58.4
REP2,250.0,IT87D-697-2,417.5,232.0,54.8,59.6
REP2,150.0,IT87D-1655,250.5,911.0,51.8,70.4
REP2,100.0,IT87D-1830,167.0,923.0,47.6,63.6
REP2,100.0,IT87D-1083,167.0,888.0,48.4,63.6
REP2,250.0,IT87S-1304,417.5,34820.0,57.2,81.8
REP2,300.0,IAR-48,501.0,13.0,56.4,71.2
REP2,200.0,IT87D-704-1,334.0,976.0,62.2,95.0
REP2,150.0,IT87D-1944,250.5,940.0,51.6,79.0
REP2,50.0,IT87S-1459,83.5,34835.0,37.6,50.6
REP2,150.0,IT87D-705-4,250.5,977.0,67.0,79.4
REP1,646.0,IT89KD-260,538.31183,265.0,50.0,59.0
REP1,786.0,IT89KD-256,654.97382,35871.0,49.0,57.0
REP1,272.0,TVX-3236,226.65759,498.0,47.0,54.0
REP1,483.0,IT89KD-476,402.48389,35910.0,62.0,68.0
REP1,734.0,IT89KD-245,611.64221,35866.0,60.0,69.0
REP1,332.0,IT89KD-478,276.65561,35911.0,60.0,68.0
REP1,531.0,BORNO LOCAL,442.4823,36307.0,76.0,73.0
REP1,308.0,LOCALCHECK,256.6564,36268.0,76.0,83.0
REP1,1046.0,IT89KD-337,871.63177,35885.0,52.0,60.0
REP1,1002.0,IT89KD-244,834.96661,35865.0,47.0,55.0
REP1,784.0,IT89KD-260-1,653.30719,35873.0,51.0,59.0
REP1,744.0,IT89KD-249,619.97522,35868.0,59.0,67.0
REP1,834.0,IT89KD-288,694.97223,35878.0,76.0,84.0
REP1,600.0,IT89KD-245-1,499.98001,35867.0,49.0,57.0
REP1,879.0,IT89KD-251,732.4707,35869.0,57.0,64.0
REP2,689.0,IT89KD-245,574.14368,35866.0,47.0,55.0
REP2,604.0,IT89KD-479,503.3132,35912.0,50.0,58.0
REP2,430.0,IT89KD-252,358.319,35870.0,52.0,60.0
REP2,453.0,IT89KD-337,377.48489,35885.0,55.0,62.0
REP2,194.0,BORNO LOCAL,161.6602,36307.0,76.0,84.0
REP2,685.0,IT89KD-256,570.81049,35871.0,49.0,58.0
REP2,147.0,IAR-1696,122.4951,801.0,47.0,56.0
REP2,763.0,IT89KD-288,635.80792,35878.0,52.0,60.0
REP2,978.0,IT89KD-249,814.96741,35868.0,52.0,60.0
REP2,312.0,LOCALCHECK,259.98959,36268.0,76.0,87.0
REP2,1094.0,IT89KD-251,911.63019,35869.0,52.0,60.0
REP2,610.0,TVX-3236,508.31299,498.0,50.0,57.0
REP2,737.0,IT89KD-244,614.14209,35865.0,51.0,61.0
REP2,894.0,IT89KD-245-1,744.97021,35867.0,61.0,68.0
REP2,691.0,IT89KD-260,575.8103,265.0,52.0,68.0
REP3,731.0,IT89KD-260-1,609.14227,35873.0,60.0,68.0
REP3,319.0,BORNO LOCAL,265.82269,36307.0,76.0,84.0
REP3,403.0,IT89KD-478,335.81989,35911.0,76.0,84.0
REP3,884.0,IT89KD-244,736.63721,35865.0,52.0,60.0
REP3,158.0,LOCALCHECK,131.66141,36268.0,76.0,84.0
REP3,793.0,IT89KD-245-1,660.80688,35867.0,57.0,64.0
REP3,703.0,IT89KD-337,585.80988,35885.0,56.0,64.0
REP3,943.0,TVX-3236,785.80188,498.0,52.0,59.0
REP3,943.0,IT89KD-474,785.80188,35909.0,52.0,59.0
REP3,905.0,IT89KD-249,754.13647,35868.0,59.0,67.0
REP3,876.0,IT89KD-260,729.97083,265.0,57.0,64.0
REP3,1092.0,IT89KD-245,909.96362,35866.0,59.0,67.0
REP3,775.0,IT89KD-288,645.8075,35878.0,70.0,89.0
REP3,295.0,IT89KD-479,245.8235,35912.0,59.0,67.0
REP1,646.0,IT89KD-260,538.31183,265.0,50.0,59.0
REP1,786.0,IT89KD-256,654.97382,35871.0,49.0,57.0
REP1,272.0,TVX-3236,226.65759,498.0,47.0,54.0
REP1,483.0,IT89KD-476,402.48389,35910.0,62.0,68.0
REP1,734.0,IT89KD-245,611.64221,35866.0,60.0,69.0
REP1,332.0,IT89KD-478,276.65561,35911.0,60.0,68.0
REP1,531.0,BORNO LOCAL,442.4823,36307.0,76.0,81.0
REP1,308.0,LOCALCHECK,256.6564,36268.0,76.0,82.0
REP1,1046.0,IT89KD-337,871.63177,35885.0,52.0,60.0
REP1,1002.0,IT89KD-244,834.96661,35865.0,47.0,55.0
REP1,784.0,IT89KD-260-1,653.30719,35873.0,51.0,59.0
REP1,744.0,IT89KD-249,619.97522,35868.0,59.0,67.0
REP1,834.0,IT89KD-288,694.97223,35878.0,76.0,84.0
REP1,600.0,IT89KD-245-1,499.98001,35867.0,49.0,57.0
REP1,879.0,IT89KD-251,732.4707,35869.0,57.0,64.0
REP2,689.0,IT89KD-245,574.14368,35866.0,47.0,55.0
REP2,604.0,IT89KD-479,503.3132,35912.0,50.0,58.0
REP2,430.0,IT89KD-252,358.319,35870.0,52.0,60.0
REP2,453.0,IT89KD-337,377.48489,35885.0,55.0,62.0
REP2,194.0,BORNO LOCAL,161.6602,36307.0,76.0,84.0
REP2,685.0,IT89KD-256,570.81049,35871.0,49.0,58.0
REP2,147.0,IAR-1696,122.4951,801.0,47.0,56.0
REP2,763.0,IT89KD-288,635.80792,35878.0,52.0,60.0
REP2,978.0,IT89KD-249,814.96741,35868.0,52.0,60.0
REP2,312.0,LOCALCHECK,259.98959,36268.0,76.0,87.0
REP2,1094.0,IT89KD-251,911.63019,35869.0,52.0,60.0
REP2,610.0,TVX-3236,508.31299,498.0,50.0,57.0
REP2,737.0,IT89KD-244,614.14209,35865.0,51.0,61.0
REP2,894.0,IT89KD-245-1,744.97021,35867.0,61.0,68.0
REP2,691.0,IT89KD-260,575.8103,265.0,52.0,68.0
REP3,731.0,IT89KD-260-1,609.14227,35873.0,60.0,68.0
REP3,319.0,BORNO LOCAL,265.82269,36307.0,76.0,84.0
REP3,403.0,IT89KD-478,335.81989,35911.0,76.0,84.0
REP3,884.0,IT89KD-244,736.63721,35865.0,52.0,60.0
REP3,158.0,LOCALCHECK,131.66141,36268.0,76.0,84.0
REP3,793.0,IT89KD-245-1,660.80688,35867.0,57.0,64.0
REP3,703.0,IT89KD-337,585.80988,35885.0,56.0,64.0
REP3,943.0,TVX-3236,785.80188,498.0,52.0,59.0
REP3,943.0,IT89KD-474,785.80188,35909.0,52.0,59.0
REP3,905.0,IT89KD-249,754.13647,35868.0,59.0,67.0
REP3,876.0,IT89KD-260,729.97083,265.0,57.0,64.0
REP3,1092.0,IT89KD-245,909.96362,35866.0,59.0,67.0
REP3,775.0,IT89KD-288,645.8075,35878.0,70.0,89.0
REP3,295.0,IT89KD-479,245.8235,35912.0,59.0,67.0
REP3,586.0,IT89KD-476,488.31381,35910.0,52.0,79.0
REP1,160.0,IT86D-1038,267.2,175.0,57.8,53.2
REP1,150.0,IT86D-314,250.5,180.0,57.8,53.2
REP1,250.0,IT86D-641,417.5,871.0,60.6,91.4
REP1,300.0,IT86D-718,501.0,206.0,54.8,59.6
REP1,350.0,IT86D-396,584.5,189.0,54.0,56.6
REP1,400.0,IT84S-2246-4,668.0,149.0,53.0,75.2
REP1,300.0,IT86D-486,501.0,868.0,64.4,91.4
REP1,250.0,IT87S-1394,417.5,249.0,53.0,62.2
REP1,150.0,IT86D-378,250.5,185.0,57.8,53.2
REP1,90.0,IT87S-1393,150.3,34829.0,66.8,69.0
REP1,150.0,IT84E-477,250.5,837.0,52.8,71.2
REP1,0.0,LOCALBROWN,0.0,36267.0,65.2,91.2
REP1,150.0,IT86D-477,250.5,867.0,52.8,71.2
REP1,90.0,IT86D-1035,150.3,174.0,54.8,40.4
REP1,250.0,IT86D-442,417.5,866.0,60.6,91.4
REP1,100.0,IT86D-371,167.0,183.0,59.8,40.4
REP1,300.0,IT86D-534,501.0,196.0,53.6,56.2
REP1,200.0,IT86D-400,334.0,190.0,53.0,57.4
REP1,200.0,IT86D-737,334.0,877.0,52.0,74.8
REP1,150.0,IT86D-782,250.5,209.0,54.8,53.2
REP2,200.0,IT86D-400,334.0,190.0,53.0,57.4
REP2,550.0,IT86D-486,918.5,868.0,56.0,85.0
REP2,200.0,IT86D-737,334.0,877.0,52.0,74.8
REP2,90.0,IT86D-442,150.3,866.0,47.6,63.6
REP2,200.0,IT86D-1038,334.0,175.0,53.0,57.4
REP2,140.0,IT86D-378,233.8,185.0,57.8,55.6
REP2,0.0,LOCALBROWN,0.0,36267.0,65.2,91.2
REP2,100.0,IT86D-477,167.0,867.0,48.4,63.6
REP2,280.0,IT87S-1393,467.6,34829.0,60.8,73.4
REP2,300.0,IT86D-396,501.0,189.0,53.6,56.2
REP2,350.0,IT86D-718,584.5,206.0,54.0,56.6
REP2,200.0,IT86D-1035,334.0,174.0,53.0,57.4
REP2,250.0,IT86D-782,417.5,209.0,52.0,55.2
REP2,250.0,IT86D-641,417.5,871.0,59.2,91.4
REP2,350.0,IT84E-477,584.5,837.0,64.4,91.4
REP2,250.0,IT86D-371,417.5,183.0,55.6,58.4
REP2,300.0,IT86D-314,501.0,180.0,53.6,56.2
REP2,150.0,IT86D-534,250.5,196.0,57.8,53.2
REP2,400.0,IT84S-2246-4,668.0,149.0,54.0,70.4
REP1,200.0,IT87D-1802,334.0,919.0,52.0,82.0
REP1,100.0,TVX1948-01F,167.0,36292.0,70.0,90.6
REP1,350.0,IT87D-272,584.5,223.0,53.8,61.6
REP1,250.0,IT87D-551-1,417.5,226.0,52.0,55.2
REP1,150.0,IT87D-364,250.5,948.0,51.8,79.0
REP1,100.0,IT87S-499-1,167.0,34848.0,66.8,69.0
REP1,250.0,IT87D-569,417.5,959.0,59.4,90.2
REP1,200.0,IT87D-1393,334.0,900.0,52.0,74.8
REP1,250.0,IT86D-633,417.5,870.0,60.6,91.4
REP1,150.0,IT87D-954,250.5,34787.0,66.8,81.8
REP1,160.0,IT85D-3850-2,267.2,153.0,57.8,53.2
REP1,200.0,IT88S-498-10,334.0,35813.0,66.2,84.6
REP1,150.0,IT87D-1931,250.5,19190.0,66.4,57.0
REP1,300.0,IT87DM-686,501.0,885.0,64.4,90.2
REP1,250.0,IT87S-1489,417.5,34842.0,60.8,81.8
REP1,100.0,IT87S-1401,167.0,34833.0,66.8,69.0
REP1,40.0,IT87S-1394,66.8,249.0,60.8,38.6
REP2,150.0,IT87S-1401,250.5,34833.0,66.8,81.8
REP2,250.0,IT87D-569,417.5,959.0,59.4,90.2
REP2,400.0,IT85D-3850-2,668.0,153.0,53.0,75.2
REP2,100.0,IT87D-1393,167.0,900.0,47.6,63.6
REP2,100.0,TVX1948-01F,167.0,36292.0,70.0,90.6
REP2,150.0,IT87D-276,250.5,946.0,51.6,79.0
REP2,350.0,IT87D-272,584.5,223.0,53.8,61.6
REP2,90.0,IT87DM-686,150.3,885.0,56.2,71.8
REP2,360.0,IT87D-954,601.2,34787.0,61.8,80.6
REP2,250.0,IT87S-1489,417.5,34842.0,57.2,81.8
REP2,400.0,IT87D-1802,668.0,919.0,65.6,89.6
REP2,200.0,IT88S-498-10,334.0,35813.0,66.2,84.6
REP2,150.0,IT86D-633,250.5,870.0,53.6,71.2
REP2,100.0,IT87S-499-1,167.0,34848.0,66.8,69.0
REP2,200.0,IT87D-1931,334.0,19190.0,64.8,57.0
REP1,507.0,IT90K-59-2,675.8,35989.0,49.0,56.0
REP1,75.0,IT91K-175,100.0,36038.0,64.0,72.0
REP1,284.0,IT89KD-349,378.6,35887.0,56.0,64.0
REP1,490.0,IT90K-87-2,653.2,36009.0,41.0,49.0
REP1,675.0,IT90K-82-2,899.8,36006.0,52.0,60.0
REP1,679.0,IT89KD-107-5,905.1,35859.0,50.0,57.0
REP1,638.0,IT90K-109,850.5,35929.0,49.0,56.0
REP1,388.0,B301,517.2,12.0,52.0,60.0
REP1,257.0,IT90K-81-6,342.6,36004.0,47.0,55.0
REP1,756.0,IT91K-188,1007.7,36040.0,60.0,67.0
REP1,99.0,IT90K-76,132.0,35994.0,49.0,57.0
REP1,511.0,IT90K-59-4,681.2,35990.0,51.0,58.0
REP1,471.0,TVX-3236,627.8,498.0,50.0,59.0
REP1,415.0,IT89KD-338,553.2,35886.0,49.0,56.0
REP1,777.0,IT81D-994,1035.7,45.0,47.0,55.0
REP1,287.0,IT90K-102-6,382.6,35926.0,44.0,54.0
REP1,248.0,IT90K-59,330.6,284.0,47.0,55.0
REP1,540.0,IT90K-284-2,719.8,35957.0,47.0,55.0
REP2,309.0,TVX-3236,411.9,498.0,47.0,57.0
REP2,428.0,IT90K-109,570.5,35929.0,47.0,57.0
REP2,254.0,IT90K-81-6,338.6,36004.0,47.0,56.0
REP2,447.0,IT89KD-107-5,595.9,35859.0,50.0,58.0
REP2,467.0,IT90K-59-2,622.5,35989.0,47.0,56.0
REP2,548.0,IT90K-59,730.5,284.0,47.0,56.0
REP2,225.0,IT90K-59-4,299.9,35990.0,47.0,56.0
REP2,487.0,IT90K-284-2,649.2,35957.0,47.0,56.0
REP2,436.0,IT91K-175,581.2,36038.0,47.0,56.0
REP2,550.0,IT91K-188,733.2,36040.0,51.0,58.0
REP2,620.0,IT89KD-349,826.5,35887.0,52.0,60.0
REP2,338.0,IT90K-102-6,450.6,35926.0,47.0,55.0
REP2,424.0,IT81D-994,565.2,45.0,62.0,70.0
REP2,462.0,IT89KD-249,615.8,35868.0,62.0,70.0
REP2,275.0,IT90K-82-2,366.6,36006.0,64.0,71.0
REP2,276.0,IT89KD-338,367.9,35886.0,47.0,57.0
REP2,144.0,IT90K-77-5,192.0,35999.0,47.0,54.0
REP2,412.0,IT90K-87-2,549.2,36009.0,50.0,58.0
REP2,200.0,B301,266.6,12.0,47.0,35.0
REP2,192.0,IT90K-76,255.9,35994.0,47.0,56.0
REP3,111.0,IT91K-175,148.0,36038.0,53.0,74.0
REP3,164.0,IT89KD-338,218.6,35886.0,47.0,55.0
REP3,296.0,IT81D-994,394.6,45.0,70.0,76.0
REP3,145.0,TVX-3236,193.3,498.0,47.0,55.0
REP3,758.0,IT90K-109,1010.4,35929.0,50.0,58.0
REP3,266.0,IT90K-59-2,354.6,35989.0,47.0,56.0
REP3,531.0,IT89KD-249,707.8,35868.0,67.0,74.0
REP3,653.0,B301,870.4,12.0,53.0,60.0
REP3,177.0,IT90K-81-6,235.9,36004.0,47.0,54.0
REP3,414.0,IT90K-59,551.9,284.0,47.0,54.0
REP3,481.0,IT90K-284-2,641.2,35957.0,47.0,56.0
REP3,515.0,IT90K-102-6,686.5,35926.0,47.0,56.0
REP3,122.0,IT90K-77-5,162.6,35999.0,47.0,56.0
REP3,152.0,IT90K-87-2,202.6,36009.0,47.0,56.0
REP3,123.0,IT90K-76,164.0,35994.0,50.0,57.0
REP3,240.0,IT90K-82-2,319.9,36006.0,47.0,55.0
REP3,230.0,IT89KD-349,306.6,35887.0,52.0,60.0
REP3,290.0,IT89KD-107-5,386.6,35859.0,47.0,55.0
REP3,355.0,IT90K-59-4,473.2,35990.0,54.0,61.0
REP3,486.0,IT91K-188,647.8,36040.0,50.0,68.0
REP4,269.0,IT90K-102-6,358.6,35926.0,50.0,57.0
REP4,62.0,IT89KD-338,82.6,35886.0,51.0,58.0
REP4,194.0,IT90K-87-2,258.6,36009.0,51.0,58.0
REP4,233.0,IT90K-59,310.6,284.0,50.0,58.0
REP4,340.0,IT90K-59-2,453.2,35989.0,50.0,58.0
REP4,358.0,IT90K-82-2,477.2,36006.0,47.0,55.0
REP4,121.0,IT91K-175,161.3,36038.0,47.0,56.0
REP4,461.0,IT89KD-349,614.5,35887.0,59.0,67.0
REP4,590.0,IT90K-109,786.5,35929.0,47.0,56.0
REP4,228.0,IT90K-81-6,303.9,36004.0,47.0,56.0
REP4,191.0,TVX-3236,254.6,498.0,47.0,57.0
REP4,344.0,IT89KD-249,458.6,35868.0,60.0,67.0
REP4,223.0,IT90K-284-2,297.3,35957.0,47.0,55.0
REP4,163.0,IT91K-188,217.3,36040.0,59.0,67.0
REP4,123.0,IT90K-77-5,164.0,35999.0,47.0,55.0
REP4,85.0,B301,113.3,12.0,57.0,68.0
REP4,122.0,IT89KD-107-5,162.6,35859.0,51.0,60.0
REP4,141.0,IT90K-59-4,188.0,35990.0,47.0,55.0
REP4,357.0,IT81D-994,475.9,45.0,60.0,68.0
REP4,138.0,IT90K-76,184.0,35994.0,47.0,55.0
REP1,685.0,IT89KD-275,571.3104643867999,35876.0,59.0,90.0
REP1,411.0,IT81D-985,511.86,43.0,55.0,92.0
REP1,47.0,LOCALCHECK,37.99428101,36268.0,62.0,92.0
REP1,917.0,IT89KD-288,1051.84863,35878.0,70.0,95.0
REP1,317.0,TVU12349,307.2800006,30867.0,70.0,95.0
REP1,472.0,IT89KD-249,554.3536829,35868.0,58.0,83.0
REP1,188.0,KANANADO,141.6099976,20541.418674698794,70.0,92.0
REP2,628.0,TVU12349,470.94,30867.0,69.0,95.0
REP2,577.0,IT81D-985,804.6200000000001,43.0,55.0,92.0
REP2,345.0,IT89KD-275,380.9272387778,35876.0,60.0,95.0
REP2,360.0,IT89KD-288,393.44593994140007,35878.0,68.0,95.0
REP2,722.0,IT89KD-249,611.14221,35868.0,61.0,97.0
REP2,77.0,KANANADO,91.62999878,20541.418674698794,70.0,97.0
REP2,737.0,LOCALCHECK,1084.4177978062,36268.0,62.0,92.0
REP2,246.0,IAR7-180-4-5,191.59000244,797.0,57.0,94.0
REP3,580.0,TVU12349,470.94,30867.0,70.0,106.0
REP3,469.0,IT89KD-275,482.2172205,35876.0,61.0,71.0
REP3,373.0,IAR7-180-4-5,1146.852002,797.0,57.0,72.0
REP3,174.0,IT81D-985,222.78799864,43.0,57.0,71.0
REP3,696.0,LOCALCHECK,1084.4177978061998,36268.0,61.0,71.0
REP3,225.0,IT89KD-249,271.2340015,35868.0,58.0,100.0
REP3,353.0,IAR72,496.83200074,793.0,69.0,96.0
REP3,49.0,KANANADO,91.62999878,20541.418674698794,66.0,96.0
REP3,378.0,IT89KD-288,487.0815417,35878.0,67.0,92.0
REP4,726.0,TVU12349,470.94,30867.0,69.0,106.0
REP4,296.0,IT89KD-249,350.37797607639993,35868.0,59.0,97.0
REP4,780.0,LOCALCHECK,1084.4177978062,36268.0,61.0,71.0
REP4,742.0,IT81D-985,1065.9199999999998,43.0,55.0,83.0
REP4,570.0,IT89KD-288,647.7221191,35878.0,66.0,92.0
REP1,0.0,IT87D-941-1,0.0,239.0,33.0,54.0
REP1,0.0,IT84S-2246,0.0,835.0,35.0,56.0
REP1,0.0,IT86D-721,0.0,208.0,33.0,55.0
REP1,0.0,IT90K-76,0.0,35994.0,38.0,57.0
REP1,0.0,IT86D-1010,0.0,172.0,36.0,58.0
REP1,0.0,IT85D-3577,0.0,152.0,34.0,56.0
REP1,0.0,IT86D-719,0.0,207.0,35.0,59.0
REP2,0.0,IT86D-721,0.0,208.0,35.0,58.0
REP2,0.0,IT85D-3577,0.0,152.0,36.0,59.0
REP2,0.0,IT86D-719,0.0,207.0,33.0,61.0
REP2,0.0,IT86D-1010,0.0,172.0,38.0,59.0
REP2,0.0,IT90K-76,0.0,35994.0,35.0,59.0
REP3,0.0,IT86D-719,0.0,207.0,37.0,57.0
REP3,0.0,IT84S-2246,0.0,835.0,35.0,55.0
REP1,638.0,IT87D-941-1,1050.0,239.0,52.0,60.0
REP1,120.0,IT85D-3577,1005.0,152.0,57.0,65.0
REP1,309.0,IT86D-719,1300.0,207.0,57.0,68.0
REP2,431.6,IT86D-721,1200.0,208.0,55.0,65.0
REP2,120.0,IT85D-3577,1000.0,152.0,57.0,67.0
REP2,608.6,IT86D-1010,1250.0,172.0,57.0,65.0
REP2,364.0,IT87D-941-1,1005.0,239.0,52.0,60.0
REP3,282.0,IT86D-1010,1200.0,172.0,57.0,65.0
REP3,300.0,IT87D-941-1,500.0,239.0,52.0,60.0
REP3,523.0,IT84S-2246,1050.0,835.0,57.0,65.0
REP4,459.0,IT85D-3577,1250.0,152.0,57.0,65.0
REP1,409.0,IT90K-59,435.9,284.0,43.0,59.0
REP1,475.0,IT90K-76,654.0,35994.0,41.0,57.0
REP1,321.8,IT90K-101,301.4,35923.0,50.0,63.0
REP1,461.6,IT90K-77,688.5,35997.0,48.0,61.0
REP1,250.0,IT86D-719,446.8,207.0,52.0,63.0
REP1,118.4,IT90K-82-2,157.4,36006.0,54.0,65.0
REP1,318.8,IT89KD-775,276.6,35915.0,54.0,65.0
REP1,126.0,IT90K-261-3,139.4,35946.0,56.0,67.0
REP2,188.0,IT86D-719,304.0,207.0,52.0,63.0
REP2,543.4,IT90K-59,910.7,284.0,43.0,59.0
REP2,624.6,IT90K-101,696.4,35923.0,50.0,63.0
REP2,720.4,IT89KD-775,721.6,35915.0,54.0,65.0
REP2,203.2,IT90K-77,270.3,35997.0,48.0,61.0
REP2,444.6,IT90K-76,480.9,35994.0,41.0,57.0
REP2,65.4,IT90K-261-3,89.4,35946.0,56.0,67.0
REP2,150.4,IT90K-82-2,212.9,36006.0,54.0,65.0
REP3,675.2,IT89KD-775,773.8,35915.0,54.0,47.0
REP3,65.4,IT90K-261-3,97.3,35946.0,56.0,44.0
REP3,270.0,IT86D-719,456.9,207.0,52.0,46.0
REP3,520.6,IT90K-59,645.2,284.0,43.0,59.0
REP3,529.0,IT90K-101,609.7,35923.0,50.0,47.0
REP4,530.8,IT90K-101,477.8,35923.0,50.0,44.0
REP4,387.4,IT89KD-775,376.8,35915.0,54.0,45.0
REP4,250.0,IT86D-719,434.5,207.0,52.0,44.0
REP4,113.4,IT90K-261-3,122.4,35946.0,56.0,43.0
REP1,250.0,IT88S-517,417.5,35818.0,57.0,79.2
REP1,0.0,LOCALWHITE,0.0,36271.0,65.2,91.2
REP1,100.0,IT87D-598-1,167.0,965.0,51.8,71.8
REP1,150.0,IT86D-718,250.5,206.0,58.8,53.2
REP1,200.0,IT87S-1475,334.0,34840.0,57.2,81.8
REP1,100.0,IT87D-811-4,167.0,998.0,65.8,79.4
REP1,100.0,IT87D-783-1,167.0,990.0,60.0,79.4
REP1,200.0,IT87D-1951,334.0,221.0,51.0,54.2
REP1,250.0,IT87D-1313,417.5,898.0,60.6,91.4
REP1,350.0,IT84S-2246-4,584.5,149.0,56.2,67.2
REP1,100.0,IT86D-888,167.0,213.0,54.4,26.8
REP1,300.0,IT86D-1010,501.0,172.0,53.6,56.2
REP1,250.0,IT87D-1875,417.5,930.0,55.6,90.2
REP1,150.0,IT88S-518-3,250.5,35820.0,60.6,81.2
REP1,300.0,IT87D-879-1,501.0,236.0,54.8,59.6
REP1,250.0,IT87D-1829,417.5,922.0,55.6,90.2
REP1,200.0,IT87D-1853,334.0,928.0,52.0,82.0
REP1,90.0,IT88S-531-3,150.3000031,35825.0,56.8,64.6
REP2,150.0,IT86D-718,250.5,206.0,57.8,53.2
REP2,10.0,IT88S-518-3,16.70000076,35820.0,54.4,63.6
REP2,100.0,IT87D-811-4,167.0,998.0,65.8,79.4
REP2,150.0,IT87D-598-1,250.5,965.0,63.4,79.0
REP2,0.0,LOCALWHITE,0.0,36271.0,65.2,91.2
REP2,50.0,IT87S-1475,83.5,34840.0,37.6,50.6
REP2,100.0,IT86D-888,167.0,213.0,54.4,26.8
REP2,350.0,IT87D-1313,584.5,898.0,64.4,91.4
REP2,100.0,IT88S-517,167.0,35818.0,56.8,69.6
REP2,20.0,IT88S-531-3,33.40000153,35825.0,54.4,63.6
REP2,300.0,IT87D-879-1,501.0,236.0,54.8,59.6
REP2,250.0,IT86D-1010,417.5,172.0,55.6,58.4
REP2,50.0,IT87D-783-1,83.5,990.0,40.8,38.6
REP2,150.0,IT87D-1875,250.5,930.0,51.6,79.0
REP2,200.0,IT86D-727,334.0,876.0,52.0,74.8
REP2,120.0,IT84S-2246-4,200.3999939,149.0,59.8,58.0
REP2,150.0,IT87D-1829,250.5,922.0,51.6,79.0
REP2,90.0,IT87D-1853,150.3000031,928.0,48.8,44.8
REP1,200.0,IT87D-1548,334.0,905.0,52.0,82.0
REP1,200.0,IT87D-969-9,334.0,34793.0,57.2,81.8
REP1,300.0,IT87D-1851,501.0,927.0,64.4,91.4
REP1,200.0,IT88DM-398,334.0,34871.0,57.2,81.8
REP1,170.0,IT87D-607-5,283.8999939,967.0,59.6,87.0
REP1,300.0,IT87D-1283,501.0,896.0,64.4,91.4
REP1,110.0,IT87D-2133,183.6999969,943.0,48.0,71.8
REP1,400.0,IT88S-623,668.0,35832.0,64.8,88.6
REP1,100.0,IT88S-626,167.0,35834.0,55.4,64.0
REP1,300.0,IT87D-969-10-1,501.0,34792.0,56.2,80.6
REP1,150.0,IT87D-1305,250.5,897.0,52.8,71.2
REP1,0.0,LOCALWHITE,0.0,36271.0,65.2,91.2
REP1,180.0,IT87D-1842,300.6000061,925.0,52.0,78.8
REP1,150.0,IT87D-1625,250.5,907.0,52.0,70.4
REP1,210.0,IT88S-629,350.7000122,35835.0,66.2,84.6
REP1,190.0,IT87D-652,317.2999878,972.0,62.2,87.0
REP1,300.0,IT87FD-596,501.0,34795.0,56.2,80.6
REP1,150.0,IT88S-624,250.5,35833.0,60.6,81.2
REP2,300.0,IT87D-652,501.0,972.0,64.4,90.2
REP2,100.0,IT87D-1842,167.0,925.0,47.6,63.6
REP2,0.0,LOCALWHITE,0.0,36271.0,65.2,91.2
REP2,90.0,IT88S-624,150.3000031,35833.0,56.8,64.6
REP2,100.0,IT87D-1851,167.0,927.0,47.6,63.6
REP2,190.0,IT87D-1627,317.2999878,220.0,51.6,54.8
REP2,100.0,IT87D-1625,167.0,907.0,47.6,63.6
REP2,200.0,IT88S-629,334.0,35835.0,66.2,84.6
REP2,250.0,IT87D-969-9,417.5,34793.0,57.2,81.8
REP2,200.0,IT87D-1548,334.0,905.0,52.0,74.8
REP2,180.0,IT87D-2075,300.6000061,222.0,50.6,56.6
REP2,220.0,IT88S-623,367.3999939,35832.0,65.2,82.8
REP2,190.0,IT87D-2133,317.2999878,943.0,52.0,87.0
REP2,200.0,IT88S-626,334.0,35834.0,66.2,84.6
REP2,150.0,IT87D-1283,250.5,896.0,51.8,71.2
REP2,250.0,IT87FD-596,417.5,34795.0,57.2,81.8
REP2,100.0,IT87D-1305,167.0,897.0,48.4,63.6
REP2,100.0,IT87D-607-5,167.0,967.0,54.8,79.4
REP2,210.0,IT88DM-398,350.7000122,34871.0,57.2,81.8
REP2,100.0,IT87D-969-10-1,167.0,34792.0,66.8,69.0
REP1,200.0,IT87D-1884,334.0,932.0,52.0,82.0
REP1,100.0,IT87D-1841,167.0,924.0,47.6,63.6
REP1,100.0,IT87D-761,167.0,986.0,60.0,79.4
REP1,150.0,IT87S-1260-1,250.5,34817.0,66.8,81.8
REP1,0.0,LOCALBROWN,0.0,36267.0,65.2,91.2
REP1,750.0,IT84S-2246-4,1252.5,149.0,56.6,65.6
REP1,150.0,IT87D-1830,250.5,923.0,51.8,70.4
REP1,100.0,IT87D-866-8,167.0,34782.0,66.8,69.0
REP1,200.0,IT87D-784-1,334.0,233.0,50.6,56.6
REP1,90.0,IT86D-1100,150.3000031,858.0,47.6,44.8
REP1,180.0,IT87D-1695-1,300.6000061,913.0,52.0,78.8
REP1,120.0,IT87D-1854,200.3999939,929.0,48.0,63.6
REP1,300.0,IT88F-335-3,501.0,35802.0,61.0,90.8
REP1,200.0,IT86D-1877,334.0,862.0,52.0,74.8
REP1,200.0,IT88F-294-10,334.0,35798.0,66.2,84.6
REP1,200.0,IT84E-124,334.0,135.0,55.6,57.8
REP1,100.0,IT87D-378-4,167.0,950.0,47.6,71.8
REP1,90.0,IT87D-841-13,150.3000031,34778.0,65.2,69.0
REP2,150.0,IT86D-1877,250.5,862.0,52.8,71.2
REP2,180.0,IT87D-1695-1,300.6000061,913.0,52.0,78.8
REP2,200.0,IT87D-1841,334.0,924.0,52.0,82.0
REP2,100.0,IT87D-841-13,167.0,34778.0,66.8,69.0
REP2,300.0,IT87D-1884,501.0,932.0,64.4,91.4
REP2,250.0,IT88F-294-10,417.5,35798.0,57.0,79.2
REP2,100.0,IT87D-761,167.0,986.0,60.0,79.4
REP2,210.0,IT87D-784-1,350.7000122,233.0,50.6,56.6
REP2,100.0,IT87D-378-4,167.0,950.0,47.6,71.8
REP2,150.0,IT88F-335-3,250.5,35802.0,57.8,77.2
REP2,0.0,LOCALBROWN,0.0,36267.0,65.2,91.2
REP2,150.0,IT84S-2246-4,250.5,149.0,57.8,58.0
REP2,150.0,IT86D-880,250.5,212.0,54.8,53.2
REP2,200.0,IT87S-1260-1,334.0,34817.0,57.2,81.8
REP2,150.0,IT87D-1830,250.5,923.0,51.6,70.4
REP2,110.0,IT87D-1854,183.6999969,929.0,48.0,63.6
REP2,100.0,IT87D-866-8,167.0,34782.0,66.8,69.0
REP2,200.0,IT84E-124,334.0,135.0,55.6,57.8
REP1,250.0,IT87D-18,417.5,916.0,60.6,90.2
REP1,100.0,IT87D-71,167.0,978.0,60.0,79.4
REP1,100.0,IT87S-14,167.0,34832.0,66.8,69.0
REP1,300.0,IT87D-12,501.0,893.0,64.4,91.4
REP1,0.0,LOCALBRO,0.0,36266.0,65.2,91.2
REP1,100.0,IT88D-41,167.0,35109.0,66.8,69.0
REP1,350.0,IAR-48,584.5,13.0,54.8,70.0
REP1,180.0,IT87D-21,300.6000061,942.0,52.0,79.0
REP1,300.0,IT87D-19,501.0,934.0,64.4,91.4
REP1,230.0,IT87D-73,384.1000061,984.0,62.2,90.2
REP1,160.0,IT87D-72,267.2000122,982.0,64.8,87.0
REP1,200.0,IT87D-95,334.0,34786.0,57.2,81.8
REP1,110.0,IT86D-71,183.6999969,874.0,48.4,63.6
REP1,140.0,IT88F-73,233.8000031,35803.0,53.6,77.2
REP1,200.0,IT87F-19,334.0,34808.0,57.2,81.8
REP1,150.0,IT88D-37,250.5,35872.0,58.4,78.2
REP2,290.0,IT88D-37,484.2999878,35872.0,61.2,92.2
REP2,140.0,IT87F-19,233.8000031,34808.0,66.8,81.8
REP2,190.0,IT87D-95,317.2999878,34786.0,61.2,81.8
REP2,110.0,IT87D-73,183.6999969,984.0,60.0,79.4
REP2,300.0,IAR-48,501.0,13.0,56.4,71.2
REP2,100.0,IT87S-14,167.0,34832.0,66.8,69.0
REP2,380.0,IT88D-41,634.5999756,35109.0,61.8,80.6
REP2,150.0,IT87D-19,250.5,934.0,51.6,79.0
REP2,430.0,IT87D-71,718.0999756,978.0,65.6,89.6
REP2,430.0,IT87D-72,718.0999756,982.0,65.6,89.6
REP2,150.0,IT88F-73,250.5,35803.0,60.6,81.2
REP2,0.0,LOCALBRO,0.0,36266.0,65.2,91.2
REP2,90.0,IT87D-21,150.3000031,942.0,47.6,33.2
REP2,110.0,IT87D-12,183.6999969,893.0,48.4,63.6
REP2,270.0,IT87D-18,450.8999939,916.0,65.6,91.4
REP1,200.0,IT88S-501-8,334.0,35815.0,66.2,84.6
REP1,200.0,IT87D-1931,334.0,19190.0,64.8,57.0
REP1,300.0,IT87D-555-6,501.0,227.0,54.8,59.6
REP1,650.0,IT87D-2075,1085.5,222.0,51.4,64.2
REP1,270.0,IT87D-1485,450.8999939,901.0,65.6,91.4
REP1,200.0,IT87D-611-3,334.0,229.0,51.0,54.2
REP1,200.0,IT87D-611-3,334.0,229.0,51.0,54.2
REP1,250.0,IT87D-611-3,417.5,229.0,52.0,55.2
REP1,240.0,IT87S-1253,400.7999878,34815.0,57.2,81.8
REP1,200.0,IT87D-797-1,334.0,996.0,64.8,95.0
REP1,180.0,IT87D-555-8,300.6000061,958.0,55.8,79.0
REP1,280.0,IT88S-510-3,467.6000061,35817.0,57.8,85.4
REP1,100.0,IT88S-153,167.0,35809.0,56.8,69.6
REP1,300.0,IT87D-787-5,501.0,234.0,54.8,59.6
REP1,350.0,IT86D-880,584.5,212.0,54.0,56.6
REP1,250.0,IT87D-1801-1,417.5,918.0,55.6,90.2
REP1,0.0,IT88S-496-5,0.0,35811.0,57.4,71.2
REP1,250.0,IT87D-667,417.5,973.0,60.6,90.2
REP1,100.0,LOCALBROWN,167.0,36267.0,70.0,90.6
REP1,250.0,IT87D-612-4,417.5,970.0,60.6,90.2
REP2,0.0,IT88S-496-5,0.0,35811.0,57.4,71.2
REP2,110.0,IT87D-555-8,183.6999969,958.0,52.2,79.4
REP2,300.0,IT87D-612-4,501.0,970.0,64.4,90.2
REP2,200.0,IT87D-667,334.0,973.0,62.2,95.0
REP2,190.0,IT88S-153,317.2999878,35809.0,66.2,84.6
REP2,200.0,LOCALBROWN,334.0,36267.0,55.8,72.2
REP2,250.0,IT87D-797-1,417.5,996.0,61.0,90.2
REP2,110.0,IT88S-501-8,183.6999969,35815.0,55.6,69.6
REP2,200.0,IT88S-510-3,334.0,35817.0,66.2,84.6
REP2,360.0,IT86D-880,601.2000122,212.0,54.0,56.6
REP2,90.0,IT87D-1485,150.3000031,901.0,47.6,44.8
REP2,300.0,IT87D-611-3,501.0,229.0,54.8,59.6
REP2,350.0,IT87D-1801-1,584.5,918.0,64.4,91.4
REP2,250.0,IT87S-1253,417.5,34815.0,57.2,81.8
REP2,180.0,IT87D-1931,300.6000061,19190.0,64.8,57.0
REP2,360.0,IT87D-611-3,601.2000122,229.0,52.0,60.8
REP2,300.0,IT87D-611-3,501.0,229.0,54.8,59.6
REP2,400.0,IT87D-787-5,668.0,234.0,46.0,58.2
REP1,250.0,IT88S-702,417.5,35839.0,57.0,79.2
REP1,100.0,IT88S-729,167.0,35843.0,55.4,64.0
REP1,130.0,IT88S-714,217.1000061,35840.0,53.2,63.2
REP1,250.0,IT87D-1845,417.5,926.0,55.6,90.2
REP1,200.0,IT88S-747,334.0,35844.0,66.2,84.6
REP1,250.0,IT88S-844,417.5,35851.0,57.0,79.2
REP1,200.0,IT88S-1005,334.0,35808.0,66.2,84.6
REP1,200.0,IT88D-88,334.0,35665.0,60.8,79.0
REP1,280.0,IT88S-790,467.6000061,35848.0,61.2,92.2
REP1,300.0,IT87D-1722,501.0,914.0,64.4,91.4
REP1,200.0,IT88S-749,334.0,35845.0,66.2,84.6
REP1,250.0,IT88S-945,417.5,35852.0,57.0,79.2
REP1,120.0,IT88S-751,200.3999939,35846.0,55.6,69.6
REP1,310.0,IT88S-715,517.7000122,35841.0,63.6,93.6
REP1,200.0,VITA-7,334.0,558.0,52.2,62.8
REP1,190.0,IT88S-763,317.2999878,35847.0,66.2,84.6
REP1,280.0,IT88S-810,467.6000061,35849.0,61.2,92.2
REP1,200.0,IT88D-1827,334.0,34956.0,61.2,81.8
REP1,120.0,IT88S-814,200.3999939,35850.0,55.6,69.6
REP1,250.0,IT88S-716,417.5,35842.0,57.0,79.2
REP2,100.0,IT88S-751,167.0,35846.0,55.4,69.6
REP2,100.0,VITA-7,167.0,558.0,60.0,79.4
REP2,90.0,IT88S-729,150.3000031,35843.0,56.8,64.6
REP2,110.0,IT88S-844,183.6999969,35851.0,55.6,69.6
REP2,180.0,IT88D-1827,300.6000061,34956.0,63.6,81.8
REP2,200.0,IT88D-1827,334.0,34956.0,61.2,81.8
REP2,100.0,IT88S-1005,167.0,35808.0,56.8,69.6
REP2,120.0,IT88S-810,200.3999939,35849.0,55.6,69.6
REP2,100.0,IT88S-763,167.0,35847.0,55.4,69.6
REP2,100.0,IT88S-749,167.0,35845.0,55.4,69.6
REP2,230.0,IT88S-714,384.1000061,35840.0,60.8,76.6
REP2,140.0,IT88D-88,233.8000031,35665.0,66.4,80.6
REP2,210.0,IT88S-790,350.7000122,35848.0,66.2,84.6
REP2,160.0,IT88S-814,267.2000122,35850.0,60.6,81.2
REP2,140.0,IT88S-747,233.8000031,35844.0,53.6,72.4
REP2,110.0,IT88S-702,183.6999969,35839.0,55.6,69.6
REP2,100.0,IT87D-1845,167.0,926.0,47.6,63.6
REP2,150.0,IT88S-945,250.5,35852.0,58.4,78.2
REP2,150.0,IT88S-716,250.5,35842.0,58.4,78.2
REP2,160.0,IT87D-1722,267.2000122,914.0,52.4,78.8
REP1,700.0,IT89KD-391,1169.0,35902.0,52.0,70.0
REP1,750.0,IT90K-319,1252.5,35967.0,51.0,61.0
REP1,700.0,IT90K-372-1-2,1169.0,35975.0,48.0,69.0
REP1,650.0,IT89KD-349,1085.5,35887.0,50.0,71.0
REP1,60.0,IT89KD-374-8,100.1999969,35899.0,51.0,69.0
REP1,650.0,IT89KD-374-57,1085.5,271.0,48.0,67.0
REP1,500.0,IT88D-867-11,835.0,35617.0,48.0,69.0
REP1,585.0,IT90K-109,976.9500122,35929.0,49.0,60.0
REP1,600.0,IT90K-277-2,1002.0,35954.0,46.0,67.0
REP1,560.0,IT91KD-45,935.2000122,36016.0,45.0,69.0
REP1,600.0,IT92K-126,1002.0,36129.0,58.0,69.0
REP1,500.0,IT91K-189,835.0,36041.0,47.0,69.0
REP1,650.0,IAR-48,1085.5,13.0,47.0,67.0
REP1,580.0,IT88DM-400,968.5999756,34872.0,47.0,69.0
REP2,250.0,IT90K-277-2,417.5,35954.0,45.0,69.0
REP2,600.0,IT89KD-391,1002.0,35902.0,42.0,69.0
REP2,60.0,IT91K-189,100.1999969,36041.0,50.0,69.0
REP2,400.0,IT91KD-45,668.0,36016.0,48.0,69.0
REP2,750.0,IT90K-372-1-2,1252.5,35975.0,51.0,63.0
REP2,600.0,IT92K-126,1002.0,36129.0,51.0,69.0
REP2,750.0,IT88D-867-11,1252.5,35617.0,46.0,63.0
REP2,550.0,IT89KD-355,918.5,35890.0,49.0,68.0
REP2,700.0,IT89KD-374-8,1169.0,35899.0,49.0,63.0
REP2,550.0,IT89KD-349,918.5,35887.0,50.0,69.0
REP2,700.0,IT88DM-363,1169.0,34868.0,48.0,69.0
REP2,550.0,IT90K-109,918.5,35929.0,47.0,63.0
REP2,650.0,IT90K-319,1085.5,35967.0,49.0,69.0
REP3,600.0,IT91K-189,1002.0,36041.0,50.0,69.0
REP3,300.0,IAR-48,501.0,13.0,45.0,60.0
REP3,750.0,IT88D-920-11,1252.5,35755.0,49.0,68.0
REP3,755.0,IT91KD-45,1260.849976,36016.0,45.0,65.0
REP3,755.0,IT88DM-363,1260.849976,34868.0,48.0,65.0
REP3,550.0,IT90K-319,918.5,35967.0,48.0,69.0
REP3,550.0,IT90K-109,918.5,35929.0,49.0,60.0
REP3,400.0,IT90K-277-2,668.0,35954.0,51.0,60.0
REP1,738.0,IT89KD-474,1232.459961,35909.0,43.0,69.0
REP1,695.0,IT89KD-245-1,1160.650024,35867.0,40.0,85.0
REP1,499.0,IT89KD-260,833.3300171,265.0,69.0,80.0
REP1,128.0,IT89KD-288,213.7599945,35878.0,63.0,82.0
REP1,350.0,IT89KD-479,584.5,35912.0,65.0,82.0
REP1,650.0,IT81D-985,1085.5,43.0,50.0,68.0
REP1,787.0,IT89KD-249,1314.290039,35868.0,64.0,74.0
REP2,300.0,IT89KD-474,501.0,35909.0,64.0,89.0
REP2,193.0,IT89KD-288,322.3099976,35878.0,70.0,89.0
REP2,450.0,IT89KD-252,751.5,35870.0,64.0,76.0
REP2,400.0,IT89KD-260-1,668.0,35873.0,64.0,76.0
REP2,200.0,IT89KD-245-1,334.0,35867.0,65.0,80.0
REP2,300.0,IT89KD-260,501.0,265.0,66.0,85.0
REP2,400.0,IT89KD-245,668.0,35866.0,65.0,85.0
REP2,750.0,IT81D-985,1252.5,43.0,60.0,79.0
REP2,0.0,IT89KD-479,0.0,35912.0,65.0,70.0
REP2,450.0,IT89KD-256,751.5,35871.0,65.0,76.0
REP3,450.0,IT89KD-245,751.5,35866.0,65.0,85.0
REP3,600.0,KANANNADO,1002.0,19907.0,65.0,75.0
REP3,600.0,IT89KD-479,1002.0,35912.0,64.0,75.0
REP3,750.0,IT89KD-252,1252.5,35870.0,67.0,86.0
REP3,250.0,IT89KD-245-1,417.5,35867.0,65.0,80.0
REP3,750.0,IT89KD-474,1252.5,35909.0,65.0,85.0
REP3,750.0,IT89KD-249,1252.5,35868.0,67.0,80.0
REP3,650.0,IT89KD-260,1085.5,265.0,67.0,80.0
REP3,204.0,IT89KD-256,340.6799927,35871.0,69.0,68.0
REP3,200.0,IT89KD-288,334.0,35878.0,69.0,86.0
REP1,200.0,IT92KD-352-4,334.0,36186.0,58.0,67.0
REP1,470.0,IT92KD-258-12,784.9000244,36108.0,49.0,67.0
REP1,200.0,IT92KD-332-3,334.0,36175.0,49.0,67.0
REP1,550.0,IT92KD-164-34,918.5,36065.0,53.0,72.0
REP1,500.0,IT92KD-336-1,835.0,36179.0,50.0,72.0
REP1,500.0,IT92KD-257-10,835.0,36104.0,50.0,71.0
REP1,542.0,IT92KD-357-2,905.1400146,36192.0,53.0,68.0
REP1,355.0,IT92KD-404-1,592.8499756,36211.0,50.0,64.0
REP1,425.0,IT92KD-272-3,709.75,36120.0,51.0,74.0
REP1,400.0,IT92KD-346,668.0,36182.0,52.0,72.0
REP1,480.0,IT92KD-259-2,801.5999756,36111.0,49.0,70.0
REP1,550.0,IT92KD-164-35,918.5,36066.0,50.0,70.0
REP1,370.0,IT92KD-272-1,617.9000244,36119.0,49.0,76.0
REP1,555.0,IT92KD-258-9,926.8499756,36109.0,50.0,64.0
REP1,350.0,IT92KD-354-1,584.5,36190.0,51.0,79.0
REP1,500.0,IT92KD-333-1,835.0,36177.0,49.0,69.0
REP1,500.0,IT92KD-459-4,835.0,36238.0,50.0,72.0
REP1,300.0,IT92KD-353-1,501.0,36188.0,51.0,67.0
REP1,550.0,IT92KD-359-3,918.5,36195.0,50.0,73.0
REP2,480.0,IT92KD-359-3,801.5999756,36195.0,50.0,73.0
REP2,100.0,IT92KD-164-35,167.0,36066.0,50.0,62.0
REP2,500.0,IT92KD-258-9,835.0,36109.0,54.0,66.0
REP2,350.0,IT92KD-257-10,584.5,36104.0,50.0,66.0
REP2,771.0,IT92KD-346,1287.569946,36182.0,52.0,72.0
REP2,200.0,IT92KD-332-3,334.0,36175.0,49.0,66.0
REP2,350.0,IT92KD-336-1,584.5,36179.0,50.0,70.0
REP2,450.0,IT92KD-272-1,751.5,36119.0,49.0,70.0
REP2,430.0,IT92KD-404-1,718.0999756,36211.0,50.0,62.0
REP2,500.0,IT92KD-357-2,835.0,36192.0,53.0,67.0
REP2,510.0,IT92KD-333-1,851.7000122,36177.0,49.0,66.0
REP2,250.0,IT92KD-352-4,417.5,36186.0,53.0,68.0
REP2,350.0,IT92KD-259-2,584.5,36111.0,49.0,62.0
REP2,750.0,IT92KD-258-12,1252.5,36108.0,49.0,62.0
REP2,400.0,IT92KD-353-1,668.0,36188.0,51.0,66.0
REP2,470.0,IT92KD-164-34,784.9000244,36065.0,53.0,61.0
REP2,550.0,IT92KD-272-3,918.5,36120.0,51.0,65.0
REP2,555.0,IT92KD-354-1,926.8499756,36190.0,51.0,69.0
REP3,700.0,IT92KD-333-1,1169.0,36177.0,49.0,72.0
REP3,450.0,IT92KD-404-1,751.5,36211.0,50.0,62.0
REP3,777.0,IT92KD-164-35,1297.589966,36066.0,50.0,68.0
REP3,550.0,IT92KD-346,918.5,36182.0,52.0,72.0
REP3,650.0,IT92KD-359-3,1085.5,36195.0,51.0,72.0
REP3,255.0,IT92KD-258-12,425.8500061,36108.0,49.0,68.0
REP3,215.0,IT92KD-352-4,359.0499878,36186.0,53.0,69.0
REP3,463.0,IT92KD-272-1,773.210022,36119.0,49.0,74.0
REP3,700.0,IT92KD-259-2,1169.0,36111.0,49.0,62.0
REP3,650.0,IT92KD-257-10,1085.5,36104.0,50.0,62.0
REP3,682.0,IT92KD-272-3,1138.939941,36120.0,51.0,69.0
REP3,450.0,IT92KD-164-34,751.5,36065.0,53.0,68.0
REP3,300.0,IT92KD-354-1,501.0,36190.0,51.0,68.0
REP3,500.0,IT92KD-357-2,835.0,36192.0,53.0,68.0
REP3,763.0,IT92KD-459-4,1274.209961,36238.0,50.0,71.0
REP3,520.0,IT92KD-353-1,868.4000244,36188.0,51.0,67.0
REP3,330.0,IT92KD-332-3,551.0999756,36175.0,49.0,66.0
REP3,413.0,IT92KD-336-1,689.710022,36179.0,50.0,72.0
REP1,500.0,IT81D-994,416.5,45.0,49.0,75.4
REP1,200.0,IAR2-180-4-12,166.6000061,786.0,54.0,71.6
REP1,300.0,IT89KD-249,249.8999939,35868.0,51.0,71.8
REP1,200.0,IAR2-180-4-9,166.6000061,785.0,52.0,71.6
REP1,70.0,LOCALCHECK,58.31000137,36268.0,52.0,90.4
REP1,150.0,IT89KD-275,124.9499969,35876.0,61.0,72.8
REP1,450.0,IT87D-2075,374.8500061,222.0,48.0,66.6
REP1,250.0,IAR72,208.25,793.0,51.0,77.8
REP1,200.0,IAR7-180-4-5,166.6000061,797.0,53.0,71.2
REP1,250.0,KARNANADO,208.25,20541.418674698794,76.0,72.0
REP1,320.0,IAR4-48-15-1,266.5599976,792.0,44.0,89.0
REP2,200.0,IAR2-180-4-9,166.6000061,785.0,52.0,74.8
REP2,400.0,IAR4-48-15-1,333.2000122,792.0,76.0,89.4
REP2,320.0,IT89KD-275,266.5599976,35876.0,48.0,76.0
REP2,440.0,IT87D-2075,366.519989,222.0,52.0,57.6
REP2,500.0,IT89KD-288,416.5,35878.0,44.0,61.2
REP2,100.0,IAR7-180-4-5,83.30000305,797.0,51.0,44.8
REP2,250.0,IAR72,208.25,793.0,48.0,74.8
REP2,300.0,KARNANADO,249.8999939,20541.418674698794,50.0,71.4
REP2,100.0,LOCALCHECK,83.30000305,36268.0,56.0,91.2
REP2,200.0,IT89KD-249,166.6000061,35868.0,49.0,67.2
REP2,150.0,IAR2-180-4-12,124.9499969,786.0,49.0,63.6
REP3,200.0,IAR2-180-4-12,166.6000061,786.0,53.0,74.8
REP3,300.0,IAR7-180-4-5,249.8999939,797.0,51.0,83.0
REP3,150.0,IT81D-994,124.9499969,45.0,52.0,34.8
REP3,150.0,IT89KD-249,124.9499969,35868.0,56.0,72.4
REP3,450.0,IT87D-2075,374.8500061,222.0,44.0,54.6
REP3,250.0,IAR72,208.25,793.0,53.0,74.8
REP3,250.0,IT89KD-288,208.25,35878.0,55.0,69.0
REP3,150.0,IAR2-180-4-9,124.9499969,785.0,55.0,72.0
REP3,150.0,IAR4-48-15-1,124.9499969,792.0,44.0,72.0
REP3,100.0,IT89KD-275,83.30000305,35876.0,53.0,61.6
REP3,100.0,LOCALCHECK,83.30000305,36268.0,53.0,89.0
REP1,635.0,IT90K-76,1058.545044,35994.0,42.0,61.0
REP1,580.0,IT90K-59,966.8599854,284.0,48.0,68.0
REP1,708.0,IT90K-77,1180.235962,35997.0,44.0,68.0
REP1,560.0,IT90K-261-3,933.5200195,35946.0,54.0,73.0
REP1,480.0,IT87D-941-1,800.1599731,239.0,41.0,62.0
REP1,370.0,IT90K-82-2,616.789978,36006.0,49.0,68.0
REP2,705.0,IT90K-101,1175.234985,35923.0,44.0,63.0
REP2,770.0,IT90K-261-3,1283.589966,35946.0,49.0,70.0
REP2,370.0,IT90K-82-2,616.789978,36006.0,57.0,74.0
REP2,333.0,IT90K-77,555.1110229,35997.0,45.0,68.0
REP2,640.0,IT87D-941-1,1066.880005,239.0,44.0,61.0
REP2,660.0,IT86D-719,1100.219971,207.0,42.0,60.0
REP2,748.0,IT90K-59,1246.916016,284.0,45.0,60.0
REP2,567.0,IT90K-76,945.1890259,35994.0,43.0,70.0
REP3,538.0,IT87D-941-1,896.8460083,239.0,42.0,60.0
REP3,540.0,IT90K-261-3,900.1799927,35946.0,53.0,69.0
REP3,613.0,IT90K-76,1021.870972,35994.0,43.0,70.0
REP3,563.0,IT90K-101,938.5209961,35923.0,46.0,64.0
REP1,640.0,IT84S-2246,1066.880005,835.0,44.0,68.0
REP2,565.0,IT84S-2246,941.8549805,835.0,46.0,70.0
REP3,548.0,IT84S-2246,913.5159912,835.0,43.0,62.0
